<?xml version="1.0" encoding="UTF-8"?>
<project-private xmlns="http://www.netbeans.org/ns/project-private/1">
    <editor-bookmarks xmlns="http://www.netbeans.org/ns/editor-bookmarks/2" lastBookmarkId="0"/>
    <open-files xmlns="http://www.netbeans.org/ns/projectui-open-files/2">
        <group>
            <file>file:/C:/Users/626/Documents/GitHub/Dijkstra/Dijkstra/Dijkstra/Dijkstra/Mary/dijkstra_router/src/dijkstra_router/controller/Dijkstra_router.java</file>
            <file>file:/C:/Users/626/Documents/GitHub/Dijkstra/Dijkstra/Dijkstra/Dijkstra/Mary/dijkstra_router/src/dijkstra_router/model/Graph.java</file>
            <file>file:/C:/Users/626/Documents/GitHub/Dijkstra/Dijkstra/Dijkstra/Dijkstra/Mary/dijkstra_router/src/dijkstra_router/view/Fenetre.java</file>
            <file>file:/C:/Users/626/Documents/GitHub/Dijkstra/Dijkstra/Dijkstra/Dijkstra/Mary/dijkstra_router/src/dijkstra_router/model/Dijstra.java</file>
            <file>file:/C:/Users/626/Documents/GitHub/Dijkstra/Dijkstra/Dijkstra/Dijkstra/Mary/dijkstra_router/src/dijkstra_router/model/GenericNode.java</file>
        </group>
    </open-files>
</project-private>
